{
  "type": "minecraft:block",
  "pools": [
    {
      "rolls": 1,
      "entries": [
        {
          "type": "minecraft:item",
          "functions": [
            {
              "function": "minecraft:set_count",
              "conditions": [
                {
                  "condition": "minecraft:block_state_property",
                  "block": "minecraft:sea_pickle",
                  "properties": {
                    "pickles": "2"
                  }
                }
              ],
              "count": 2
            },
            {
              "function": "minecraft:set_count",
              "conditions": [
                {
                  "condition": "minecraft:block_state_property",
                  "block": "minecraft:sea_pickle",
                  "properties": {
                    "pickles": "3"
                  }
                }
              ],
              "count": 3
            },
            {
              "function": "minecraft:set_count",
              "conditions": [
                {
                  "condition": "minecraft:block_state_property",
                  "block": "minecraft:sea_pickle",
                  "properties": {
                    "pickles": "4"
                  }
                }
              ],
              "count": 4
            },
            {
              "function": "minecraft:explosion_decay"
            }
          ],
          "name": "minecraft:sea_pickle"
        }
      ]
    }
  ]
}